{"cameraMode":{"drawMode":0,"name":"Shaded","section":"Shading Mode"},"sceneLighting":true,"audioPlay":false,"sceneViewState":{"showFog":true,"showMaterialUpdate":false,"showSkybox":true,"showFlares":true,"showImageEffects":true,"showParticleSystems":true,"showVisualEffectGraphs":true,"m_FxEnabled":true},"in2DMode":false,"pivot":{"x":20.6925048828125,"y":-2.002713680267334,"z":11.813732147216797},"rotation":{"x":0.049616873264312747,"y":-0.5280753970146179,"z":0.030927816405892373,"w":0.8471844792366028},"size":20.111988067626954,"orthographic":false}